num_implements;num_tasks;num_vehicles;seed;full;time_horizon;num_periods;probabilityTA;probabilityTD;probabilityVA;probabilityVD;probabilityIA;probabilityID;t;toptimization;Obj;PenaltyCost;StaticCost;DistanciaTotal;Distancia_list;DesvDistancia;TaskDone_list;DesvTaskDone
10;20;10;1;True;2000;2;0;0;0;0;0;0;148.84904766082764;0.22476983070373535;17308.457696834535;14534.88501739502;1325.459409445963;1448.1000000000004;[154.61, 96.61, 154.61, 132.61, 154.61, 143.61, 147.61, 154.61, 154.61, 154.61];58.000000000000014;[2, 1, 3, 1, 4, 1, 1, 2, 3, 2];3
10;20;10;2;True;2000;2;0;0;0;0;0;0;109.5327525138855;0.18996191024780273;15979.606313617336;13701.378007411957;1182.204311009724;1096.0000000000002;[112.7, 112.7, 112.7, 112.7, 112.7, 112.7, 112.7, 81.7, 112.7, 112.7];31.0;[2, 1, 1, 4, 1, 2, 3, 2, 2, 2];3
10;20;10;3;True;2000;2;0;0;0;0;0;0;141.00169229507446;0.22006583213806152;14881.96129371149;12477.782745838165;1120.3212369141384;1283.8799999999999;[91.74, 146.81, 146.81, 146.81, 146.81, 85.73, 78.74, 146.81, 146.81, 146.81];68.07000000000001;[1, 1, 2, 1, 4, 2, 3, 3, 2, 1];3
10;20;10;4;True;2000;2;0;0;0;0;0;0;103.38023376464844;0.17305517196655273;14855.130499444977;12885.722792625427;973.9042281812383;995.5200000000001;[74.44, 107.08, 64.44, 107.08, 107.08, 107.08, 107.08, 107.08, 107.08, 107.08];42.64;[2, 3, 1, 1, 1, 3, 1, 2, 2, 4];3
10;20;10;5;True;2000;2;0;0;0;0;0;0;99.26605987548828;0.20983576774597168;14506.169742063965;12335.201272964478;1142.49863915328;1028.5;[101.65, 103.65, 103.65, 103.65, 103.65, 103.65, 103.65, 103.65, 97.65, 103.65];6.0;[2, 2, 3, 1, 1, 2, 3, 1, 3, 2];2
10;20;10;6;True;2000;2;0;0;0;0;0;0;107.3751335144043;0.14455699920654297;15925.22531853159;13753.46166753769;1034.421916748169;1137.36;[105.5, 90.5, 119.56, 119.56, 112.5, 111.5, 119.56, 119.56, 119.56, 119.56];29.060000000000002;[1, 1, 3, 1, 2, 1, 3, 2, 2, 4];3
10;30;10;1;True;2000;2;0;0;0;0;0;0;181.3434557914734;0.3242192268371582;24250.261818690953;20807.927350521088;1820.4121150073745;1621.9100000000003;[164.4, 142.31, 164.4, 164.4, 164.4, 164.4, 164.4, 164.4, 164.4, 164.4];22.090000000000003;[4, 3, 4, 1, 4, 3, 2, 3, 3, 3];3
10;30;10;2;True;2000;2;0;0;0;0;0;0;210.62888097763062;0.4336519241333008;23805.71188199146;20187.68606185913;1926.3452578619888;1691.6999999999998;[198.71, 198.71, 138.31, 198.71, 153.31, 175.31, 179.31, 116.31, 134.31, 198.71];82.4;[2, 2, 2, 5, 4, 2, 4, 2, 3, 4];3
10;30;10;3;True;2000;2;0;0;0;0;0;0;153.9395670890808;0.45958900451660156;23010.74961282624;19831.209015369415;1809.826048792199;1369.69;[105.61, 141.46, 141.46, 141.46, 141.46, 132.4, 141.46, 141.46, 141.46, 141.46];35.85000000000001;[1, 2, 2, 1, 5, 4, 4, 3, 3, 5];4
10;30;10;4;True;2000;2;0;0;0;0;0;0;145.35358905792236;0.3850526809692383;25036.571740373052;22147.237177848816;1576.9900649782935;1312.35;[116.7, 132.85, 132.85, 132.85, 132.85, 132.85, 132.85, 132.85, 132.85, 132.85];16.14999999999999;[2, 4, 3, 1, 2, 5, 4, 2, 2, 5];4
10;30;10;5;True;2000;2;0;0;0;0;0;0;132.7251057624817;0.37258219718933105;22796.2488323718;19902.19607782364;1699.6485463442698;1194.3999999999999;[120.24, 120.24, 120.24, 120.24, 120.24, 120.24, 120.24, 120.24, 114.24, 118.24];6.0;[1, 4, 3, 2, 2, 3, 4, 4, 3, 4];3
10;30;10;6;True;2000;2;0;0;0;0;0;0;161.08666229248047;0.3619050979614258;24261.16581235099;21311.063333034515;1538.7707438077782;1411.35;[153.37, 106.02, 153.37, 153.37, 153.37, 138.37, 132.37, 153.37, 153.37, 114.37];47.35000000000001;[1, 3, 2, 4, 5, 1, 2, 3, 4, 5];4
10;40;10;1;True;2000;2;0;0;0;0;0;0;209.59646034240723;0.5526852607727051;33718.813429392285;29566.740796089172;2407.461296324033;1744.57;[175.02, 174.81, 175.02, 171.81, 175.02, 175.02, 175.02, 172.81, 175.02, 175.02];3.210000000000008;[5, 3, 5, 2, 5, 4, 4, 4, 5, 3];3
10;40;10;2;True;2000;2;0;0;0;0;0;0;187.321674823761;0.6370649337768555;32892.86644175564;28840.340816497803;2591.562958865559;1461.0;[146.5, 146.5, 146.5, 146.5, 146.5, 146.5, 146.5, 142.5, 146.5, 146.5];4.0;[5, 3, 2, 5, 5, 7, 4, 3, 2, 4];5
10;40;10;3;True;2000;2;0;0;0;0;0;0;211.39203786849976;0.5557589530944824;32747.45656312818;28772.10237646103;2281.2314434813857;1694.0799999999997;[171.32, 171.32, 171.32, 171.32, 171.32, 152.2, 171.32, 171.32, 171.32, 171.32];19.120000000000005;[3, 4, 6, 1, 4, 6, 4, 3, 3, 6];5
10;40;10;4;True;2000;2;0;0;0;0;0;0;199.87509441375732;0.7109158039093018;33242.253667613695;29336.71101951599;2274.953347300291;1630.58;[155.79, 164.25, 160.79, 164.25, 164.25, 164.25, 164.25, 164.25, 164.25, 164.25];8.460000000000008;[4, 6, 3, 4, 4, 5, 3, 3, 4, 4];3
10;40;10;5;True;2000;2;0;0;0;0;0;0;210.3994607925415;0.5778777599334717;31798.47157345066;27710.98229789734;2446.9547734238313;1640.5399999999997;[168.8, 168.8, 168.8, 168.8, 163.57, 126.57, 168.8, 168.8, 168.8, 168.8];42.23000000000002;[1, 5, 6, 4, 4, 1, 5, 5, 4, 5];5
10;40;10;6;True;2000;2;0;0;0;0;0;0;206.2498836517334;0.7798659801483154;34646.23921988255;30678.40992498398;2373.533046208761;1594.3000000000004;[166.93, 150.93, 147.93, 166.93, 162.93, 153.93, 166.93, 166.93, 166.93, 143.93];23.0;[3, 2, 4, 6, 4, 4, 4, 5, 3, 5];4
10;50;10;1;True;2000;2;0;0;0;0;0;0;256.8846311569214;0.9796290397644043;45120.36544660147;40439.41074371338;2834.973693102645;1845.9599999999996;[186.82, 164.58, 186.82, 186.82, 186.82, 186.82, 186.82, 186.82, 186.82, 186.82];22.23999999999998;[7, 3, 5, 4, 6, 6, 4, 6, 5, 4];4
10;50;10;2;True;2000;2;0;0;0;0;0;0;219.80481672286987;1.2494440078735352;43456.57548587557;38756.42147731781;3182.004801738436;1518.1000000000001;[152.71, 152.71, 152.71, 152.71, 152.71, 152.71, 152.71, 147.71, 148.71, 152.71];5.0;[3, 4, 2, 9, 7, 8, 6, 4, 3, 4];7
10;50;10;3;True;2000;2;0;0;0;0;0;0;249.0423035621643;0.9394471645355225;42163.85711699107;37630.60953330994;2839.71856204338;1693.5000000000002;[175.15, 175.15, 175.15, 175.15, 175.15, 134.15, 175.15, 158.15, 175.15, 175.15];41.0;[3, 5, 6, 3, 9, 7, 5, 3, 6, 3];6
10;50;10;4;True;2000;2;0;0;0;0;0;0;215.29682159423828;1.0240612030029297;43656.83984756694;39321.31914520264;2811.616455078487;1523.8999999999996;[152.39, 152.39, 152.39, 152.39, 152.39, 152.39, 152.39, 152.39, 152.39, 152.39];0.0;[6, 6, 6, 4, 3, 5, 5, 6, 5, 4];3
10;50;10;5;True;2000;2;0;0;0;0;0;0;244.5209231376648;1.0256407260894775;41833.21675888676;37024.131442546844;3123.980864716688;1685.08;[175.5, 175.5, 167.5, 175.5, 173.5, 165.5, 175.5, 125.58, 175.5, 175.5];49.92;[3, 6, 5, 5, 3, 5, 7, 4, 7, 5];4
10;50;10;6;True;2000;2;0;0;0;0;0;0;216.7675576210022;1.554866075515747;45145.51919611411;40790.97622060776;2810.11971097926;1544.4000000000003;[154.44, 154.44, 154.44, 154.44, 154.44, 154.44, 154.44, 154.44, 154.44, 154.44];0.0;[5, 3, 4, 6, 6, 5, 4, 6, 6, 5];3
10;60;10;1;True;2000;2;0;0;0;0;0;0;286.5322046279907;1.3189640045166016;55422.62652378058;50053.64516401291;3543.3266691606036;1825.6199999999997;[188.1, 182.72, 138.1, 188.1, 188.1, 188.1, 188.1, 188.1, 188.1, 188.1];50.0;[4, 5, 7, 4, 9, 6, 4, 7, 8, 6];5
10;60;10;2;True;2000;2;0;0;0;0;0;0;268.2451548576355;1.745521068572998;54297.49572899885;48843.2655005455;3758.5525581086004;1695.7199999999998;[171.31, 171.31, 171.31, 171.31, 171.31, 171.31, 171.31, 153.93, 171.31, 171.31];17.379999999999995;[5, 8, 2, 8, 9, 6, 6, 6, 5, 5];7
10;60;10;3;True;2000;2;0;0;0;0;0;0;302.0016965866089;1.3892176151275635;53113.72469610636;47808.28827095032;3400.449270486916;1904.9500000000003;[159.24, 197.19, 197.19, 196.19, 197.19, 196.19, 197.19, 170.19, 197.19, 197.19];37.94999999999999;[4, 8, 5, 3, 7, 5, 7, 7, 6, 8];5
10;60;10;4;True;2000;2;0;0;0;0;0;0;269.4472975730896;1.3851637840270996;56555.35005819588;51270.080791950226;3473.3503101059223;1811.9000000000003;[181.19, 181.19, 181.19, 181.19, 181.19, 181.19, 181.19, 181.19, 181.19, 181.19];0.0;[6, 7, 5, 4, 6, 8, 7, 6, 5, 6];4
10;60;10;5;True;2000;2;0;0;0;0;0;0;316.2015357017517;1.24546480178833;53577.01079340937;47769.09957695007;3755.363676975803;2052.5;[205.55, 205.55, 203.55, 205.55, 205.55, 204.55, 205.55, 205.55, 205.55, 205.55];2.0;[6, 8, 7, 5, 6, 6, 6, 6, 5, 5];3
10;60;10;6;True;2000;2;0;0;0;0;0;0;298.5336775779724;1.4965410232543945;58585.889508572975;53361.096500873566;3358.9196164480704;1865.9000000000003;[194.19, 194.19, 194.19, 194.19, 194.19, 194.19, 194.19, 194.19, 194.19, 118.19];76.0;[4, 5, 6, 7, 8, 7, 4, 8, 5, 6];4
10;70;10;1;True;2000;2;0;0;0;0;0;0;309.4045548439026;1.943598985671997;68091.71902142582;62081.89316511154;4196.735689831618;1813.0999999999997;[181.31, 181.31, 181.31, 181.31, 181.31, 181.31, 181.31, 181.31, 181.31, 181.31];0.0;[9, 4, 8, 3, 10, 7, 6, 8, 6, 9];7
10;70;10;2;True;2000;2;0;0;0;0;0;0;353.641396522522;2.0526912212371826;66486.38009381322;60243.94178056717;4178.128221066255;2064.3399999999997;[210.22, 210.22, 210.22, 210.22, 210.22, 210.22, 206.79, 175.79, 210.22, 210.22];34.43000000000001;[7, 5, 4, 11, 8, 8, 9, 6, 7, 5];7
10;70;10;3;True;2000;2;0;0;0;0;0;0;330.20928955078125;1.884718418121338;65988.56159082415;60072.31995820999;4001.5985303164025;1914.6200000000001;[191.39, 191.47, 191.47, 191.47, 191.47, 191.47, 191.47, 191.47, 191.47, 191.47];0.0800000000000125;[6, 11, 7, 5, 9, 4, 8, 7, 5, 8];7
10;70;10;4;True;2000;2;0;0;0;0;0;0;377.9886155128479;1.8528401851654053;70249.35272691108;63700.709587574005;4393.1665782276195;2155.5;[227.25, 227.25, 227.25, 198.25, 227.25, 227.25, 227.25, 186.25, 180.25, 227.25];47.0;[7, 6, 8, 4, 7, 9, 6, 8, 7, 8];5
10;70;10;5;True;2000;2;0;0;0;0;0;0;387.4666657447815;1.8790910243988037;67063.98873903666;60387.0132727623;4386.369073011311;2290.6;[231.16, 219.16, 231.16, 231.16, 231.16, 231.16, 231.16, 231.16, 231.16, 222.16];12.0;[4, 8, 8, 8, 6, 6, 8, 8, 6, 8];4
10;70;10;6;True;2000;2;0;0;0;0;0;0;310.07524824142456;2.425257682800293;71556.34118169936;65551.45735692978;4163.495359828393;1841.3999999999996;[184.14, 184.14, 184.14, 184.14, 184.14, 184.14, 184.14, 184.14, 184.14, 184.14];0.0;[5, 5, 9, 6, 10, 8, 5, 7, 8, 7];5
10;80;10;1;True;2000;2;0;0;0;0;0;0;395.23191022872925;2.1860125064849854;85051.17981689046;78288.45159959793;4649.506610679526;2113.2;[211.32, 211.32, 211.32, 211.32, 211.32, 211.32, 211.32, 211.32, 211.32, 211.32];0.0;[10, 7, 9, 7, 10, 9, 7, 6, 7, 8];4
10;80;10;2;True;2000;2;0;0;0;0;0;0;416.7923707962036;2.3616881370544434;80399.81684500317;73256.75001573563;4914.18724284291;2228.92;[226.04, 226.04, 226.04, 226.04, 226.04, 226.04, 226.04, 194.56, 226.04, 226.04];31.47999999999999;[7, 7, 6, 13, 7, 9, 8, 7, 8, 8];7
10;80;10;3;True;2000;2;0;0;0;0;0;0;394.36051654815674;2.428039789199829;80152.08889696133;73333.41498947144;4758.483343653599;2060.16;[208.98, 208.98, 208.98, 208.98, 208.98, 179.34, 208.98, 208.98, 208.98, 208.98];29.639999999999986;[7, 7, 7, 6, 9, 6, 10, 11, 7, 10];5
10;80;10;4;True;2000;2;0;0;0;0;0;0;384.26476097106934;2.700443983078003;83523.22860966917;76336.21278142929;5236.829099278644;1950.1999999999996;[130.82, 203.82, 203.82, 203.82, 203.82, 203.82, 203.82, 203.82, 188.82, 203.82];73.0;[6, 11, 8, 5, 7, 13, 8, 8, 6, 8];8
10;80;10;5;True;2000;2;0;0;0;0;0;0;401.5660719871521;2.400334119796753;82909.01812760363;75771.87583065033;4970.883534261112;2166.2999999999997;[216.73, 216.73, 216.73, 216.73, 216.73, 216.73, 216.73, 216.73, 215.73, 216.73];1.0;[6, 9, 7, 11, 8, 9, 9, 8, 7, 6];5
10;80;10;6;True;2000;2;0;0;0;0;0;0;418.2770195007324;2.7353858947753906;84953.21494426845;78178.46403932571;4695.164182861172;2079.600000000001;[221.36, 221.36, 221.36, 221.36, 221.36, 221.36, 221.36, 221.36, 221.36, 87.36];134.0;[5, 5, 10, 8, 12, 11, 7, 7, 8, 7];7
10;90;10;1;True;2000;2;0;0;0;0;0;0;469.70747232437134;2.8918356895446777;101556.80342117802;94058.77556657791;5201.371267467279;2296.7000000000003;[229.67, 229.67, 229.67, 229.67, 229.67, 229.67, 229.67, 229.67, 229.67, 229.67];0.0;[10, 6, 10, 6, 12, 8, 8, 8, 11, 11];6
10;90;10;2;True;2000;2;0;0;0;0;0;0;521.2609376907349;3.001880168914795;95632.85719326438;87376.69651794434;5709.535637093371;2546.63;[261.56, 261.56, 261.56, 192.59, 261.56, 261.56, 261.56, 261.56, 261.56, 261.56];68.97;[10, 8, 8, 10, 8, 10, 10, 10, 6, 10];4
10;90;10;3;True;2000;2;0;0;0;0;0;0;499.32073402404785;3.5030808448791504;96359.50638829327;88624.80475187302;5379.10459528532;2355.6;[228.46, 245.46, 245.46, 245.46, 245.46, 213.46, 245.46, 195.46, 245.46, 245.46];50.0;[6, 9, 10, 5, 12, 9, 9, 11, 8, 11];7
10;90;10;4;True;2000;2;0;0;0;0;0;0;471.34500789642334;2.8476359844207764;99347.33739201796;91524.08054065704;5604.672158376443;2218.6;[112.96, 233.96, 233.96, 233.96, 233.96, 233.96, 233.96, 233.96, 233.96, 233.96];121.00000000000001;[6, 10, 7, 8, 9, 10, 10, 10, 8, 12];6
10;90;10;5;True;2000;2;0;0;0;0;0;0;462.3407802581787;3.4627606868743896;97410.5859917213;89723.77544975281;5464.099131241103;2222.7000000000003;[224.77, 224.77, 224.77, 224.77, 224.77, 224.77, 224.77, 211.77, 212.77, 224.77];13.0;[7, 10, 11, 11, 9, 9, 8, 10, 8, 7];4
10;90;10;6;True;2000;2;0;0;0;0;0;0;474.7780375480652;3.222194194793701;101942.10367390314;94648.30088663101;5281.170077327857;2012.6;[218.76, 208.76, 201.76, 218.76, 218.76, 218.76, 218.76, 218.76, 218.76, 70.76];148.0;[8, 7, 9, 8, 14, 14, 7, 9, 7, 7];7
10;100;10;1;True;2000;2;0;0;0;0;0;0;554.2624258995056;3.635509967803955;120292.02548580323;111992.72130012512;5750.909555270596;2548.4;[254.84, 254.84, 254.84, 254.84, 254.84, 254.84, 254.84, 254.84, 254.84, 254.84];0.0;[13, 9, 11, 7, 14, 8, 9, 9, 9, 11];7
10;100;10;2;True;2000;2;0;0;0;0;0;0;496.1099410057068;3.311821460723877;110642.99004817227;101904.77472925186;6482.836521146955;2255.4;[228.74, 228.74, 228.74, 228.74, 228.74, 228.74, 205.74, 219.74, 228.74, 228.74];23.0;[10, 10, 8, 9, 9, 15, 10, 10, 7, 12];8
10;100;10;3;True;2000;2;0;0;0;0;0;0;604.3303537368774;3.8471274375915527;116477.46697136959;107902.54343175888;5803.703185568782;2771.2;[237.02, 287.02, 287.02, 287.02, 287.02, 287.02, 287.02, 287.02, 287.02, 238.02];49.99999999999997;[7, 10, 13, 7, 11, 11, 9, 9, 12, 11];6
10;100;10;4;True;2000;2;0;0;0;0;0;0;626.3183045387268;3.248060703277588;116530.2099101233;107515.18518209457;6238.6500810512225;2776.4;[206.44, 297.44, 222.44, 297.44, 297.44, 287.44, 297.44, 297.44, 275.44, 297.44];91.0;[8, 11, 9, 9, 11, 12, 11, 10, 9, 10];4
10;100;10;5;True;2000;2;0;0;0;0;0;0;606.4464893341064;4.536832332611084;115312.89679729905;106336.34335565567;6144.644929336618;2831.899999999999;[286.89, 286.89, 286.89, 286.89, 286.89, 281.89, 254.89, 286.89, 286.89, 286.89];32.0;[7, 12, 10, 11, 11, 10, 9, 11, 10, 9];5
10;100;10;6;True;2000;2;0;0;0;0;0;0;541.0622692108154;3.45261287689209;118627.20111992954;110261.52271986008;5880.197440255434;2485.5199999999995;[225.39, 233.01, 253.39, 253.39, 253.39, 253.39, 253.39, 253.39, 253.39, 253.39];28.0;[8, 8, 10, 8, 11, 12, 8, 12, 10, 13];5
10;30;10;1;True;2000;3;0;0;0;0;0;0;171.42982149124146;0.5461843013763428;23294.844121789734;19872.644087314606;1797.4303021095081;1624.8;[162.78, 162.78, 162.78, 162.78, 162.78, 162.78, 162.78, 162.78, 162.78, 159.78];3.0;[4, 3, 4, 2, 5, 4, 1, 3, 2, 2];4
10;30;10;2;True;2000;3;0;0;0;0;0;0;152.25987577438354;0.4339568614959717;23110.47997886441;19805.54890871048;1916.3876279517294;1388.5800000000002;[142.49, 142.49, 142.49, 142.49, 142.49, 142.49, 142.49, 106.17, 142.49, 142.49];36.32000000000001;[2, 3, 2, 5, 3, 3, 3, 3, 3, 3];3
10;30;10;3;True;2000;3;0;0;0;0;0;0;160.68488883972168;0.5109169483184814;22691.05721675522;19403.76154947281;1815.5924793834479;1471.69;[134.86, 141.86, 152.73, 152.73, 152.73, 125.86, 152.73, 152.73, 152.73, 152.73];26.86999999999999;[2, 2, 3, 1, 5, 4, 3, 2, 3, 5];4
10;30;10;4;True;2000;3;0;0;0;0;0;0;131.97191762924194;0.4224557876586914;24351.92893422656;21574.882024288177;1582.1687705317627;1194.87;[124.1, 124.1, 124.1, 124.1, 124.1, 124.1, 124.1, 124.1, 77.97, 124.1];46.129999999999995;[3, 4, 2, 2, 1, 5, 4, 3, 3, 3];4
10;30;10;5;True;2000;3;0;0;0;0;0;0;148.49706506729126;0.4324679374694824;22429.614621714016;19471.14922809601;1693.5772363690667;1264.8999999999999;[137.53, 137.53, 137.53, 137.53, 121.53, 137.53, 137.53, 96.53, 84.13, 137.53];53.400000000000006;[1, 3, 5, 3, 2, 2, 5, 2, 3, 4];4
10;30;10;6;True;2000;3;0;0;0;0;0;0;207.24420642852783;0.4932072162628174;25425.30594724143;21950.63171482086;1558.9014039054673;1915.8099999999995;[198.64, 176.05, 202.64, 202.64, 202.64, 188.64, 202.64, 202.64, 202.64, 136.64];66.0;[2, 3, 2, 4, 4, 2, 3, 2, 4, 4];2
10;40;10;1;True;2000;3;0;0;0;0;0;0;272.7476887702942;0.8556101322174072;35696.0506435434;31060.727452754974;2366.3944684039393;2268.9;[230.09, 230.09, 230.09, 230.09, 230.09, 230.09, 222.09, 230.09, 223.09, 213.09];17.0;[3, 4, 4, 3, 5, 4, 3, 4, 6, 4];3
10;40;10;2;True;2000;3;0;0;0;0;0;0;201.78341341018677;0.7652990818023682;32226.252567474912;28077.184911727905;2569.2869533126723;1579.8;[134.58, 167.58, 145.58, 167.58, 167.58, 167.58, 167.58, 132.58, 161.58, 167.58];35.0;[3, 3, 1, 7, 4, 6, 4, 4, 3, 5];6
10;40;10;3;True;2000;3;0;0;0;0;0;0;197.49397897720337;0.6533820629119873;31316.79550568955;27453.619162082672;2284.947775673109;1578.1999999999998;[164.59, 150.78, 164.59, 164.59, 164.59, 111.51, 164.59, 163.78, 164.59, 164.59];53.08;[3, 3, 5, 2, 5, 5, 5, 3, 3, 6];4
10;40;10;4;True;2000;3;0;0;0;0;0;0;220.86968660354614;0.8648767471313477;32592.994828126866;28533.34664773941;2301.400257164702;1758.28;[120.12, 188.4, 178.04, 188.4, 185.04, 188.4, 188.4, 149.04, 184.04, 188.4];68.28;[3, 7, 3, 2, 2, 6, 5, 3, 4, 5];5
10;40;10;5;True;2000;3;0;0;0;0;0;0;215.75398874282837;0.70648193359375;31083.972552201412;26974.873183727264;2449.6439553215478;1659.4200000000005;[182.11, 168.44, 182.11, 182.11, 118.44, 160.44, 182.11, 119.44, 182.11, 182.11];63.670000000000016;[2, 6, 6, 4, 2, 3, 5, 3, 3, 6];4
10;40;10;6;True;2000;3;0;0;0;0;0;0;206.37367725372314;1.1087589263916016;34564.39224768091;30584.964861392975;2338.0815408983726;1641.3000000000004;[171.43, 171.43, 171.43, 171.43, 171.43, 171.43, 171.43, 171.43, 171.43, 98.43];73.0;[3, 4, 4, 4, 5, 3, 4, 5, 4, 4];2
10;50;10;1;True;2000;3;0;0;0;0;0;0;234.17763471603394;1.9867606163024902;44066.26719845516;39506.53927946091;2836.7530138140414;1722.9399999999996;[172.32, 172.32, 172.06, 172.32, 172.32, 172.32, 172.32, 172.32, 172.32, 172.32];0.2599999999999909;[8, 5, 5, 3, 6, 5, 2, 6, 6, 4];6
10;50;10;2;True;2000;3;0;0;0;0;0;0;292.6953978538513;1.3888599872589111;43374.56834130743;38119.36506986618;3149.262253425579;2105.9;[164.69, 219.69, 219.69, 219.69, 193.69, 219.69, 219.69, 209.69, 219.69, 219.69];55.0;[4, 4, 4, 8, 3, 7, 8, 4, 2, 6];6
10;50;10;3;True;2000;3;0;0;0;0;0;0;259.8135676383972;1.1873447895050049;42937.67911121101;38218.67430257797;2898.0439159893276;1821.0;[159.16, 190.01, 190.01, 190.01, 190.01, 190.01, 141.76, 190.01, 190.01, 190.01];48.25;[4, 7, 5, 5, 6, 4, 4, 4, 6, 5];3
10;50;10;4;True;2000;3;0;0;0;0;0;0;232.6973958015442;0.8530271053314209;43230.79441863767;38764.49495601654;2744.7604280326104;1721.5000000000005;[172.15, 172.15, 172.15, 172.15, 172.15, 172.15, 172.15, 172.15, 172.15, 172.15];0.0;[4, 6, 3, 5, 4, 7, 4, 6, 5, 6];4
10;50;10;5;True;2000;3;0;0;0;0;0;0;289.7121272087097;1.317662000656128;42659.678557445404;37474.47642803192;3134.1023529728695;2051.1299999999997;[215.59, 215.59, 151.79, 215.59, 174.62, 215.59, 215.59, 215.59, 215.59, 215.59];63.80000000000001;[4, 7, 4, 5, 4, 4, 7, 4, 3, 8];5
10;50;10;6;True;2000;3;0;0;0;0;0;0;226.64479398727417;1.6298937797546387;44056.719529716705;39612.37975645065;2790.911166544483;1653.4600000000003;[166.7, 166.7, 166.7, 166.7, 166.7, 166.7, 153.16, 166.7, 166.7, 166.7];13.539999999999992;[5, 3, 5, 6, 6, 4, 4, 6, 4, 7];4
10;60;10;1;True;2000;3;0;0;0;0;0;0;299.49429845809937;2.071002960205078;56756.74679835151;51348.70706176758;3493.3077232065834;1914.7399999999998;[191.58, 191.58, 190.52, 191.58, 191.58, 191.58, 191.58, 191.58, 191.58, 191.58];1.0600000000000023;[4, 5, 7, 8, 8, 6, 5, 5, 4, 8];4
10;60;10;2;True;2000;3;0;0;0;0;0;0;280.7857789993286;1.667003870010376;52955.790148774715;47483.35497999191;3725.9299500288316;1746.5099999999998;[183.34, 183.34, 183.34, 183.34, 183.34, 183.34, 183.34, 129.88, 149.91, 183.34];53.46000000000001;[9, 7, 5, 7, 5, 7, 6, 5, 5, 4];5
10;60;10;3;True;2000;3;0;0;0;0;0;0;285.1962924003601;2.0683107376098633;52568.932186101236;47284.69701719284;3478.543047777407;1805.6699999999998;[153.94, 185.55, 185.55, 175.94, 185.55, 176.94, 185.55, 185.55, 185.55, 185.55];31.610000000000014;[2, 6, 5, 5, 8, 7, 7, 7, 6, 7];6
10;60;10;4;True;2000;3;0;0;0;0;0;0;276.9721431732178;1.5422801971435547;56439.56605159605;51192.93074274063;3433.962214152577;1812.7;[181.27, 181.27, 181.27, 181.27, 181.27, 181.27, 181.27, 181.27, 181.27, 181.27];0.0;[8, 8, 5, 5, 5, 7, 4, 5, 5, 8];4
10;60;10;5;True;2000;3;0;0;0;0;0;0;322.27509689331055;2.737318992614746;51735.097499087366;45971.90663909912;3718.9904417326347;2044.1699999999998;[185.2, 209.33, 193.33, 209.33, 208.33, 209.33, 205.33, 209.33, 209.33, 205.33];24.130000000000024;[7, 10, 4, 8, 5, 5, 6, 4, 5, 6];6
10;60;10;6;True;2000;3;0;0;0;0;0;0;257.1676869392395;3.2483718395233154;57000.245976194165;52051.979011535645;3313.9264076009113;1634.3000000000004;[163.43, 163.43, 163.43, 163.43, 163.43, 163.43, 163.43, 163.43, 163.43, 163.43];0.0;[5, 5, 7, 5, 5, 9, 6, 5, 5, 8];4
10;70;10;1;True;2000;3;0;0;0;0;0;0;504.23692750930786;3.501276969909668;72504.54371979639;65799.76658391953;4150.239029994291;2554.5000000000005;[312.15, 202.15, 205.15, 238.15, 268.15, 312.15, 255.15, 292.15, 216.15, 253.15];109.99999999999997;[8, 6, 6, 8, 7, 9, 6, 7, 5, 8];4
10;70;10;2;True;2000;3;0;0;0;0;0;0;335.4493041038513;2.221126079559326;64639.40511538012;58566.11497545242;4120.4876809766165;1952.8000000000002;[195.88, 195.88, 195.88, 195.88, 195.88, 195.88, 195.88, 195.88, 189.88, 195.88];6.0;[6, 9, 4, 7, 8, 8, 7, 8, 6, 7];5
10;70;10;3;True;2000;3;0;0;0;0;0;0;388.57086277008057;2.2205278873443604;65829.2070021116;59580.00557565689;3984.933344490027;2264.2300000000005;[184.49, 235.86, 236.86, 236.86, 236.86, 236.86, 236.86, 200.86, 221.86, 236.86];52.370000000000005;[6, 7, 6, 6, 8, 7, 8, 7, 6, 9];3
10;70;10;4;True;2000;3;0;0;0;0;0;0;342.1678395271301;2.3662006855010986;70977.20903699659;64540.01418876648;4409.475253481412;2027.7000000000003;[204.17, 204.17, 204.17, 204.17, 204.17, 204.17, 204.17, 204.17, 190.17, 204.17];14.0;[6, 10, 6, 7, 5, 9, 5, 7, 7, 8];5
10;70;10;5;True;2000;3;0;0;0;0;0;0;378.65129137039185;2.6928110122680664;66483.7874559849;59921.18205785751;4407.160195100159;2155.4;[219.24, 222.24, 222.24, 222.24, 222.24, 222.24, 222.24, 222.24, 172.24, 208.24];50.0;[8, 7, 8, 8, 5, 7, 9, 5, 5, 8];4
10;70;10;6;True;2000;3;0;0;0;0;0;0;341.7037630081177;2.984476327896118;71102.01243203571;64876.1075592041;4196.253878301869;2029.7;[203.27, 203.27, 203.27, 203.27, 203.27, 203.27, 203.27, 203.27, 203.27, 200.27];3.0;[5, 4, 8, 6, 7, 10, 6, 9, 8, 7];6
10;80;10;1;True;2000;3;0;0;0;0;0;0;620.4177193641663;3.104863405227661;89832.38501930979;82198.5959854126;4655.251195817274;2978.5000000000005;[351.65, 271.65, 318.65, 271.65, 295.65, 342.65, 302.65, 258.65, 293.65, 271.65];93.0;[11, 8, 6, 5, 11, 11, 10, 8, 5, 5];6
10;80;10;2;True;2000;3;0;0;0;0;0;0;403.2000298500061;2.583176851272583;79012.75331488957;71970.08364486694;4862.859776848727;2179.81;[219.05, 219.05, 208.36, 219.05, 219.05, 219.05, 219.05, 219.05, 219.05, 219.05];10.689999999999998;[7, 9, 4, 9, 11, 8, 7, 7, 8, 10];7
10;80;10;3;True;2000;3;0;0;0;0;0;0;402.73861503601074;2.64217209815979;79528.40467948122;72717.80750513077;4654.821333308858;2155.7999999999997;[177.42, 219.82, 219.82, 219.82, 219.82, 219.82, 219.82, 219.82, 219.82, 219.82];42.400000000000006;[6, 9, 5, 9, 8, 9, 9, 9, 8, 8];4
10;80;10;4;True;2000;3;0;0;0;0;0;0;399.6774287223816;4.169703483581543;84218.6541263212;76921.17124462128;5091.643864478879;2205.7999999999997;[220.58, 220.58, 220.58, 220.58, 220.58, 220.58, 220.58, 220.58, 220.58, 220.58];0.0;[6, 9, 9, 9, 7, 9, 7, 7, 7, 10];4
10;80;10;5;True;2000;3;0;0;0;0;0;0;194.81131553649902;2.2570765018463135;64534.52730271737;57200.119074344635;4948.677606105773;2385.74;[202.98, 245.85, 245.85, 245.85, 215.96, 245.85, 245.85, 245.85, 245.85, 245.85];42.870000000000005;[5, 8, 10, 10, 8, 6, 9, 8, 8, 8];5
10;80;10;6;True;2000;3;0;0;0;0;0;0;180.1117286682129;2.456296920776367;68441.58987286476;61368.28102350235;4766.808692809876;2306.5000000000005;[230.65, 230.65, 230.65, 230.65, 230.65, 230.65, 230.65, 230.65, 230.65, 230.65];0.0;[6, 6, 8, 8, 9, 11, 8, 8, 7, 9];5
10;90;10;1;True;2000;3;0;0;0;0;0;0;266.52657318115234;2.3878705501556396;80989.05592237899;73348.13014650345;5118.363447054582;2522.6000000000004;[252.26, 252.26, 252.26, 252.26, 252.26, 252.26, 252.26, 252.26, 252.26, 252.26];0.0;[13, 11, 8, 7, 11, 7, 7, 8, 9, 9];6
10;90;10;2;True;2000;3;0;0;0;0;0;0;228.46909141540527;1.9786031246185303;75166.97772735047;67070.80740356445;5668.302614079832;2427.9000000000005;[248.88, 248.88, 248.88, 248.88, 248.88, 248.88, 230.88, 248.88, 205.98, 248.88];42.900000000000006;[9, 8, 9, 10, 9, 11, 7, 10, 8, 9];4
10;90;10;3;True;2000;3;0;0;0;0;0;0;254.0808129310608;2.366628885269165;76211.23055986543;68369.78552436829;5275.824686445532;2565.6;[232.16, 271.16, 271.16, 271.16, 224.16, 271.16, 271.16, 271.16, 271.16, 211.16];60.00000000000003;[7, 10, 10, 7, 10, 13, 10, 7, 9, 7];6
10;90;10;4;True;2000;3;0;0;0;0;0;0;526.6852107048035;6.447728872299194;103041.32852189823;94945.93791675568;5538.072533448244;2557.2799999999997;[263.74, 263.74, 222.74, 263.74, 263.74, 263.74, 263.74, 263.74, 224.62, 263.74];41.0;[7, 11, 9, 9, 6, 11, 9, 11, 8, 9];5
10;90;10;5;True;2000;3;0;0;0;0;0;0;544.899621963501;6.708386182785034;98887.3955568808;90744.72099399567;5440.816020456421;2701.9;[270.79, 268.79, 270.79, 270.79, 266.79, 270.79, 270.79, 270.79, 270.79, 270.79];4.0;[7, 10, 9, 11, 7, 8, 9, 11, 9, 9];4
10;90;10;5;True;2000;3;0;0;0;0;0;0;535.3910617828369;6.9057440757751465;99182.07032474678;91137.55063486099;5466.245863563914;2578.3;[260.23, 260.23, 236.23, 260.23, 260.23, 260.23, 260.23, 260.23, 260.23, 260.23];24.00000000000003;[7, 11, 8, 11, 9, 6, 10, 11, 8, 9];5
10;90;10;6;True;2000;3;0;0;0;0;0;0;431.55138206481934;3.143324136734009;99947.74861854446;92608.25936031342;5282.230026432961;2057.2299999999996;[208.85, 177.58, 208.85, 208.85, 208.85, 208.85, 208.85, 208.85, 208.85, 208.85];31.269999999999982;[8, 4, 10, 9, 10, 11, 8, 9, 9, 12];8
10;100;10;1;True;2000;3;0;0;0;0;0;0;563.5628552436829;6.652100324630737;123256.27187809475;114931.63905763626;5763.4681182048125;2561.1999999999994;[256.12, 256.12, 256.12, 256.12, 256.12, 256.12, 256.12, 256.12, 256.12, 256.12];0.0;[13, 8, 11, 6, 12, 12, 9, 11, 10, 8];7
10;100;10;2;True;2000;3;0;0;0;0;0;0;570.5605401992798;4.944045782089233;111035.81163830346;102186.80832767487;6490.858268545261;2358.16;[252.84, 248.84, 252.84, 224.84, 185.22, 252.84, 252.84, 247.84, 187.22, 252.84];67.62;[10, 8, 8, 11, 12, 11, 10, 10, 7, 13];6
10;100;10;3;True;2000;3;0;0;0;0;0;0;571.7064166069031;4.97699761390686;117566.34631564408;109235.23960781097;5765.748882685557;2565.38;[228.17, 259.69, 259.69, 259.69, 259.69, 259.69, 259.69, 259.69, 259.69, 259.69];31.52000000000001;[9, 11, 10, 9, 8, 10, 12, 9, 10, 12];4
10;100;10;4;True;2000;3;0;0;0;0;0;0;611.8126373291016;5.699808120727539;124474.25520898246;115621.44587087631;6168.330013895261;2684.5000000000005;[281.65, 281.65, 281.65, 281.65, 281.65, 281.65, 281.65, 281.65, 214.65, 216.65];66.99999999999997;[12, 10, 9, 12, 11, 11, 8, 8, 8, 11];4
10;100;10;5;True;2000;3;0;0;0;0;0;0;609.2847399711609;6.457687854766846;117711.75613711307;108888.23219347;6101.893516755713;2721.6;[284.66, 284.66, 273.66, 284.66, 284.66, 284.66, 284.66, 170.66, 284.66, 284.66];114.00000000000003;[8, 8, 13, 12, 8, 11, 9, 9, 11, 11];5
10;100;10;6;True;2000;3;0;0;0;0;0;0;590.6359119415283;4.7884039878845215;120107.00452864332;111325.66747951508;6074.721560420383;2706.6300000000006;[276.88, 240.49, 276.88, 271.49, 256.49, 276.88, 276.88, 276.88, 276.88, 276.88];36.389999999999986;[12, 6, 10, 9, 10, 9, 11, 12, 11, 12];6
10;40;10;1;True;2000;4;0;0;0;0;0;0;356.5681848526001;5.432018041610718;34427.853811778026;29820.77740097046;2370.6034937168884;2236.5;[283.55, 195.55, 218.55, 186.55, 276.55, 230.55, 172.55, 187.55, 295.55, 189.55];123.0;[4, 3, 4, 2, 6, 4, 4, 4, 6, 3];4
10;40;10;2;True;2000;4;0;0;0;0;0;0;272.72306537628174;3.5545480251312256;33650.90766700362;29109.63261938095;2596.6301708001424;1944.6699999999996;[165.89, 223.89, 206.89, 223.89, 112.66, 223.89, 222.89, 141.89, 219.89, 202.89];111.22999999999999;[3, 5, 2, 6, 3, 5, 6, 3, 3, 4];4
10;40;10;3;True;2000;4;0;0;0;0;0;0;244.42526531219482;1.672271966934204;32657.183963525305;28530.83256959915;2294.088618491962;1832.3000000000002;[172.71, 157.85, 189.71, 191.71, 191.71, 162.77, 191.71, 191.71, 191.71, 190.71];33.860000000000014;[3, 4, 4, 4, 5, 4, 3, 3, 4, 6];3
10;40;10;4;True;2000;4;0;0;0;0;0;0;359.9076428413391;3.959556818008423;34431.94256118104;29679.918972492218;2303.277127274882;2448.7;[212.07, 279.07, 202.07, 308.07, 279.07, 225.07, 271.07, 260.07, 188.07, 224.07];120.0;[5, 4, 3, 3, 4, 6, 5, 4, 3, 3];3
10;40;10;5;True;2000;4;0;0;0;0;0;0;275.8087763786316;2.7062790393829346;31955.167118068286;27413.1754693985;2477.551765776657;2064.4199999999996;[245.98, 170.92, 205.92, 210.98, 140.35, 228.98, 245.98, 245.98, 123.35, 245.98];122.63;[4, 6, 5, 3, 3, 3, 6, 4, 2, 4];4
10;40;10;6;True;2000;4;0;0;0;0;0;0;302.61351203918457;2.2321388721466064;35155.38564014612;30838.215165138245;2334.955246599516;1982.2;[177.52, 168.52, 180.52, 250.52, 207.52, 187.52, 210.52, 250.52, 249.52, 99.52];151.0;[3, 3, 4, 6, 4, 3, 3, 5, 5, 4];3
10;50;10;1;True;2000;4;0;0;0;0;0;0;388.75644302368164;4.232158899307251;48206.70821177754;42488.052599430084;2830.680258662219;2887.9999999999995;[297.1, 275.1, 296.1, 297.1, 297.1, 297.1, 261.1, 297.1, 297.1, 273.1];36.0;[6, 6, 6, 4, 4, 4, 4, 6, 6, 4];2
10;50;10;2;True;2000;4;0;0;0;0;0;0;294.8569116592407;2.478839874267578;43813.781167526045;38621.04576063156;3136.9610982202735;2055.79;[208.42, 208.42, 208.42, 181.01, 208.42, 207.42, 208.42, 208.42, 208.42, 208.42];27.409999999999997;[4, 5, 5, 6, 3, 6, 8, 3, 5, 5];5
10;50;10;3;True;2000;4;0;0;0;0;0;0;297.6845164299011;3.13057804107666;42746.22731014231;37903.884278297424;2881.813392280517;1960.5500000000002;[197.22, 183.22, 147.2, 213.36, 213.36, 203.22, 162.89, 213.36, 213.36, 213.36];66.16000000000003;[4, 3, 4, 4, 7, 4, 4, 6, 6, 8];5
10;50;10;4;True;2000;4;0;0;0;0;0;0;273.771213054657;3.0842857360839844;44522.6648229646;39767.747324466705;2780.1586818685223;1974.8;[179.78, 199.78, 199.78, 199.78, 199.78, 199.78, 199.78, 199.78, 196.78, 199.78];20.0;[4, 4, 5, 3, 5, 7, 6, 6, 4, 6];4
10;50;10;5;True;2000;4;0;0;0;0;0;0;271.27126598358154;2.086193084716797;41026.70947393586;35911.06621217728;3121.864926139704;1993.8000000000002;[199.38, 199.38, 199.38, 199.38, 199.38, 199.38, 199.38, 199.38, 199.38, 199.38];0.0;[5, 6, 6, 5, 4, 4, 5, 5, 4, 6];2
10;50;10;6;True;2000;4;0;0;0;0;0;0;276.1833152770996;1.3591809272766113;44314.5341342967;39517.67777252197;2786.578233658352;2010.25;[191.97, 160.12, 207.27, 207.27, 207.27, 207.27, 207.27, 207.27, 207.27, 207.27];47.150000000000006;[4, 4, 7, 4, 6, 4, 5, 6, 5, 5];3
10;60;10;1;True;2000;4;0;0;0;0;0;0;335.68724060058594;14.172231197357178;55598.650934989535;49936.79005861282;3496.6963287902963;2165.18;[220.56, 220.56, 220.56, 194.85, 220.56, 220.56, 220.56, 206.85, 219.56, 220.56];25.710000000000008;[8, 8, 6, 3, 8, 6, 5, 6, 5, 5];5
10;60;10;2;True;2000;4;0;0;0;0;0;0;402.8592138290405;1.696843147277832;54900.9136365406;48703.94265460968;3718.1485468459114;2478.8;[274.18, 259.18, 247.18, 273.18, 274.18, 274.18, 219.18, 193.18, 190.18, 274.18];84.0;[6, 7, 4, 5, 6, 7, 5, 6, 7, 7];3
10;60;10;3;True;2000;4;0;0;0;0;0;0;336.12964963912964;2.182950973510742;53493.37268579006;47873.23237991333;3509.2009928443617;2110.9400000000005;[184.57, 195.01, 207.3, 204.3, 224.15, 199.01, 224.15, 224.15, 224.15, 224.15];39.58000000000001;[4, 7, 9, 3, 8, 5, 5, 5, 7, 7];6
10;60;10;4;True;2000;4;0;0;0;0;0;0;281.28060579299927;7.039541959762573;56232.6937449541;50896.76801156998;3476.0299812631097;1859.8699999999997;[178.58, 186.81, 186.81, 186.81, 186.81, 186.81, 186.81, 186.81, 186.81, 186.81];8.22999999999999;[5, 6, 5, 7, 5, 8, 6, 6, 6, 6];3
10;60;10;5;True;2000;4;0;0;0;0;0;0;343.0969376564026;5.439662218093872;52565.50539596864;46838.310579776764;3684.362592262066;2042.81;[221.39, 220.39, 183.41, 221.39, 217.39, 221.39, 182.41, 221.39, 132.26, 221.39];89.13;[7, 9, 6, 8, 6, 6, 6, 3, 3, 6];6
10;60;10;6;True;2000;4;0;0;0;0;0;0;320.67978954315186;3.534954071044922;57854.8401889584;52480.37349367142;3325.9739589131595;2048.5000000000005;[194.15, 213.15, 213.15, 213.15, 179.15, 198.15, 213.15, 213.15, 203.15, 208.15];34.0;[5, 4, 9, 7, 6, 4, 7, 6, 5, 7];5
10;70;10;1;True;2000;4;0;0;0;0;0;0;502.29296588897705;19.097508192062378;72825.81956301036;65918.72961330414;4176.139127547595;2731.0;[281.0, 265.0, 265.0, 307.0, 303.0, 307.0, 240.0, 248.0, 250.0, 265.0];67.0;[11, 7, 9, 5, 6, 7, 7, 5, 5, 8];6
10;70;10;2;True;2000;4;0;0;0;0;0;0;399.4224829673767;4.4058263301849365;68869.05946965591;62397.67422103882;4113.205804008558;2358.18;[240.79, 240.79, 240.79, 240.79, 193.07, 240.79, 240.79, 238.79, 240.79, 240.79];47.72;[5, 7, 4, 7, 5, 10, 10, 9, 6, 7];6
10;70;10;3;True;2000;4;0;0;0;0;0;0;416.28500270843506;7.159091949462891;67164.20602778663;60788.514181137085;4023.9443359288634;2351.76;[243.79, 243.79, 243.79, 243.79, 243.79, 243.79, 157.65, 243.79, 243.79, 243.79];86.13999999999999;[5, 10, 8, 5, 7, 8, 5, 9, 6, 7];5
10;70;10;4;True;2000;4;0;0;0;0;0;0;435.2279863357544;8.16915512084961;73741.15377271632;66908.19721698761;4374.152997844508;2458.8;[256.98, 256.98, 214.98, 256.98, 256.98, 254.98, 256.98, 212.98, 233.98, 256.98];44.00000000000003;[8, 7, 6, 8, 7, 5, 7, 7, 7, 8];3
10;70;10;5;True;2000;4;0;0;0;0;0;0;540.2657465934753;6.0846312046051025;69711.66257304332;62402.454209804535;4408.702671195984;2900.5;[322.25, 293.25, 299.25, 331.25, 333.25, 253.25, 333.25, 235.25, 249.25, 250.25];98.0;[7, 9, 8, 5, 6, 7, 8, 6, 4, 10];6
10;70;10;6;True;2000;4;0;0;0;0;0;0;406.5693187713623;4.7135679721832275;72949.40240257294;66486.509162426;4175.821035498899;2287.05;[238.5, 213.5, 241.5, 241.5, 241.5, 219.5, 241.5, 221.5, 241.5, 186.55];54.94999999999999;[5, 4, 8, 10, 9, 10, 7, 6, 5, 6];6
10;80;10;1;True;2000;4;0;0;0;0;0;0;745.2430486679077;30.928897857666016;97392.52925150754;89305.04097270966;4586.65962301507;3500.7999999999993;[425.18, 367.18, 328.18, 327.18, 354.18, 342.18, 323.18, 358.18, 358.18, 317.18];108.0;[8, 12, 9, 5, 5, 8, 6, 8, 10, 9];7
10;80;10;2;True;2000;4;0;0;0;0;0;0;701.3260445594788;4.058379888534546;79837.11629666918;72299.4963130951;4928.076012479016;2609.58;[250.76, 215.76, 211.76, 194.76, 347.76, 402.76, 228.76, 179.74, 272.76, 304.76];223.01999999999998;[7, 7, 6, 9, 8, 11, 8, 9, 8, 7];5
10;80;10;3;True;2000;4;0;0;0;0;0;0;452.264132976532;5.683120965957642;81758.81466119521;74600.90510177612;4696.059040597091;2461.890000000001;[241.15, 246.86, 246.86, 246.86, 246.86, 246.86, 246.86, 246.86, 246.86, 245.86];5.710000000000008;[8, 10, 6, 5, 8, 7, 8, 9, 10, 9];5
10;80;10;4;True;2000;4;0;0;0;0;0;0;564.7766976356506;11.133928775787354;92791.9488370799;84614.5625576973;5127.769133545957;3049.58;[315.34, 315.34, 315.34, 315.34, 304.34, 283.34, 315.34, 266.52, 315.34, 303.34];48.81999999999999;[10, 7, 9, 7, 5, 4, 9, 11, 9, 9];7
10;80;10;5;True;2000;4;0;0;0;0;0;0;445.7148447036743;16.668095588684082;84616.58614459271;77067.65425682068;5214.215352726419;2334.7200000000003;[201.9, 239.99, 239.99, 239.99, 212.9, 239.99, 239.99, 239.99, 239.99, 239.99];38.09;[6, 10, 10, 10, 5, 9, 8, 8, 9, 8];5
10;80;10;6;True;2000;4;0;0;0;0;0;0;490.8079128265381;3.9684596061706543;90818.3323472024;83423.05691480637;4734.421647236659;2660.9;[270.59, 268.59, 270.59, 270.59, 227.59, 270.59, 270.59, 270.59, 270.59, 270.59];42.99999999999997;[11, 6, 7, 8, 7, 7, 8, 8, 10, 8];5
10;90;10;1;True;2000;4;0;0;0;0;0;0;578.9883918762207;13.223440170288086;104969.74647609016;96969.53054523468;5158.133935757352;2842.1;[296.0, 268.0, 277.0, 296.0, 296.0, 296.0, 296.0, 296.0, 225.1, 296.0];70.9;[11, 9, 8, 8, 12, 7, 11, 10, 4, 10];8
10;90;10;2;True;2000;4;0;0;0;0;0;0;463.3649744987488;13.882980585098267;97458.45823862251;89507.54333257675;5665.084252973401;2285.79;[217.86, 229.77, 229.77, 229.77, 229.77, 229.77, 229.77, 229.77, 229.77, 229.77];11.909999999999997;[9, 8, 8, 12, 10, 11, 10, 9, 4, 9];8
10;90;10;3;True;2000;4;0;0;0;0;0;0;581.5916247367859;6.230904579162598;102564.10194379416;94325.357172966;5386.833697336237;2851.91;[278.92, 291.68, 291.68, 291.68, 291.68, 254.9, 291.68, 276.33, 291.68, 291.68];36.78;[9, 9, 9, 7, 8, 5, 8, 12, 11, 12];7
10;90;10;4;True;2000;4;0;0;0;0;0;0;964.6003069877625;12.337569952011108;106734.38333900542;97760.94083929062;5576.540909872391;3396.8999999999996;[280.7, 344.7, 261.88, 268.7, 381.7, 432.7, 333.7, 401.7, 422.7, 268.42];170.82;[9, 9, 8, 8, 8, 12, 7, 10, 10, 9];5
10;90;10;5;True;2000;4;0;0;0;0;0;0;594.7181191444397;13.682082891464233;104555.66315074805;95965.80664014816;5528.398038350801;3061.4899999999993;[307.58, 293.27, 307.58, 307.58, 307.58, 307.58, 307.58, 307.58, 307.58, 307.58];14.310000000000002;[7, 8, 12, 10, 10, 7, 10, 9, 9, 8];5
10;90;10;6;True;2000;4;0;0;0;0;0;0;542.4616460800171;14.529882431030273;105465.54267348122;97514.35392045975;5308.612196591415;2642.59;[273.57, 273.57, 273.57, 273.57, 232.73, 235.3, 273.57, 273.57, 273.57, 259.57];40.84;[8, 9, 7, 9, 10, 10, 7, 10, 11, 9];4
10;100;10;1;True;2000;4;0;0;0;0;0;0;716.729612827301;10.115158081054688;131079.37799081314;122006.72811555862;5663.630571104721;3409.039999999999;[345.49, 312.63, 341.49, 345.49, 345.49, 345.49, 345.49, 345.49, 336.49, 345.49];32.860000000000014;[9, 11, 5, 11, 14, 10, 10, 11, 12, 7];9
10;100;10;2;True;2000;4;0;0;0;0;0;0;694.7720022201538;22.482956409454346;117009.18742330198;107429.19639968872;6511.197007354172;3068.8;[331.29, 331.29, 330.29, 316.29, 291.29, 331.29, 294.29, 231.19, 304.29, 307.29];100.10000000000002;[5, 12, 10, 12, 11, 13, 12, 10, 8, 7];8
10;100;10;3;True;2000;4;0;0;0;0;0;0;595.575602054596;8.84929871559143;117758.69586232162;109233.34628009796;5774.40256223481;2750.9;[272.79, 276.79, 276.79, 276.79, 276.79, 276.79, 276.79, 263.79, 276.79, 276.79];13.0;[9, 9, 11, 7, 11, 11, 10, 9, 10, 13];6
10;100;10;4;True;2000;4;0;0;0;0;0;0;716.0448098182678;11.186551809310913;131140.45096060663;121704.96923542023;6204.088866490748;3231.4;[342.79, 342.79, 342.79, 342.79, 342.79, 156.29, 342.79, 342.79, 332.79, 342.79];186.50000000000003;[10, 11, 10, 12, 11, 6, 10, 10, 8, 12];6
10;100;10;5;True;2000;4;0;0;0;0;0;0;699.13126039505;10.895601749420166;117917.67824163054;108555.29759645462;6124.070665190065;3238.35;[333.96, 333.96, 333.96, 333.96, 241.71, 333.96, 333.96, 324.96, 333.96, 333.96];92.24999999999997;[8, 14, 11, 11, 7, 10, 10, 11, 9, 9];7
10;100;10;6;True;2000;4;0;0;0;0;0;0;589.0693917274475;9.961820125579834;119400.31600344507;110832.83953428268;5923.358241203676;2644.1;[276.31, 271.31, 276.31, 276.31, 276.31, 276.31, 276.31, 276.31, 276.31, 162.31];114.0;[7, 10, 9, 11, 11, 13, 9, 13, 9, 8];6
